customer_id,email,phone_number
1,  jane.davis1@mail.com,634-106-4981
2,  robert.williams2@mail.com,386-635-5998
3,emily.davis3@mail.com,627-341-5213
4,jessica.williams4@mail.com,126-662-8981
5,robert.martinez5@mail.com,758-947-2802
6,william.davis6@mail.com,781-582-3504
7,john.williams7@mail.com,687-991-1638
8,john.davis8@mail.com,177-295-1630
9,  michael.davis9@mail.com,879-819-9602
10,  sarah.rodriguez10@mail.com,319-694-5299
11,  william.jones11@mail.com,925-216-2350
12,  michael.martinez12@mail.com,266-475-3071
13,  jessica.garcia13@mail.com,933-962-7201
14,john.garcia14@mail.com,137-725-5082
15,jessica.smith15@mail.com,556-723-1316
16,emily.smith16@mail.com,795-532-4869
17,linda.miller17@mail.com,312-519-5125
18,jane.rodriguez18@mail.com,628-343-4187
19,linda.smith19@mail.com,404-325-3945
20,linda.smith20@mail.com,560-453-9456
21,alex.garcia21@mail.com,806-428-5950
22,alex.williams22@mail.com,879-369-4003
23,emily.davis23@mail.com,151-770-3879
24,jessica.miller24@mail.com,580-709-1376
25,john.martinez25@mail.com,647-514-2268
26,emily.miller26@mail.com,176-688-3530
27,sarah.davis27@mail.com,386-731-1631
28,emily.williams28@mail.com,490-228-8752
29,linda.davis29@mail.com,793-512-6216
30,john.garcia30@mail.com,653-114-9137
31,jessica.williams31@mail.com,989-670-9683
32,jessica.rodriguez32@mail.com,205-979-9257
33,john.jones33@mail.com,535-194-2423
34,jane.williams34@mail.com,869-802-7565
35,michael.brown35@mail.com,742-871-2583
36,jessica.brown36@mail.com,621-431-5549
37,linda.garcia37@mail.com,273-283-7921
38,emily.jones38@mail.com,217-188-6319
39,john.johnson39@mail.com,406-663-1453
40,jessica.davis40@mail.com,482-157-9352
41,sarah.smith41@mail.com,720-532-8251
42,robert.martinez42@mail.com,153-892-2035
43,emily.martinez43@mail.com,216-793-6304
44,robert.johnson44@mail.com,322-448-7563
45,alex.williams45@mail.com,255-337-3793
46,jessica.martinez46@mail.com,903-126-5756
47,sarah.smith47@mail.com,504-604-9182
48,alex.miller48@mail.com,193-864-2827
49,robert.williams49@mail.com,963-911-7277
50,linda.rodriguez50@mail.com,356-360-2770
51,john.davis51@mail.com,736-765-4988
52,jessica.miller52@mail.com,383-371-8182
53,alex.smith53@mail.com,461-822-4155
54,robert.martinez54@mail.com,639-692-2003
55,alex.williams55@mail.com,301-120-2268
56,linda.garcia56@mail.com,562-509-8894
57,william.johnson57@mail.com,741-741-1526
58,jane.brown58@mail.com,900-101-2029
59,robert.rodriguez59@mail.com,845-866-6382
60,jessica.martinez60@mail.com,732-600-1976
61,linda.brown61@mail.com,434-526-6809
62,emily.garcia62@mail.com,122-707-5449
63,jane.johnson63@mail.com,683-850-9883
64,jessica.jones64@mail.com,995-212-8133
65,michael.jones65@mail.com,821-191-6621
66,jane.garcia66@mail.com,711-911-9012
67,jessica.brown67@mail.com,375-377-6273
68,jane.garcia68@mail.com,150-529-9069
69,jessica.brown69@mail.com,171-402-1890
70,alex.johnson70@mail.com,486-649-4925
71,alex.jones71@mail.com,134-406-8820
72,sarah.jones72@mail.com,783-825-5311
73,robert.brown73@mail.com,518-412-5135
74,william.williams74@mail.com,916-122-5640
75,john.martinez75@mail.com,197-790-5755
76,linda.miller76@mail.com,528-578-2560
77,alex.garcia77@mail.com,374-877-8428
78,michael.johnson78@mail.com,776-169-3658
79,alex.williams79@mail.com,121-494-1060
80,john.miller80@mail.com,605-134-1811
81,jane.brown81@mail.com,126-670-1101
82,jessica.jones82@mail.com,265-183-5477
83,linda.miller83@mail.com,452-455-3484
84,sarah.miller84@mail.com,717-522-5504
85,emily.garcia85@mail.com,929-351-5769
86,william.rodriguez86@mail.com,355-702-9719
87,robert.williams87@mail.com,291-285-3647
88,john.brown88@mail.com,694-325-1625
89,john.jones89@mail.com,252-251-3994
90,robert.smith90@mail.com,559-323-3342
91,linda.johnson91@mail.com,178-578-8949
92,jane.miller92@mail.com,578-722-7388
93,robert.miller93@mail.com,766-836-5294
94,sarah.jones94@mail.com,441-126-7774
95,michael.garcia95@mail.com,622-826-6313
96,jane.rodriguez96@mail.com,233-978-2902
97,john.smith97@mail.com,173-514-6559
98,robert.rodriguez98@mail.com,411-245-4205
99,linda.miller99@mail.com,744-807-7615
100,emily.jones100@mail.com,798-592-1351
101,linda.davis101@mail.com,719-636-4755
102,linda.brown102@mail.com,149-447-4609
103,michael.smith103@mail.com,515-408-1806
104,jane.garcia104@mail.com,210-235-8717
105,jessica.rodriguez105@mail.com,370-703-9214
106,robert.brown106@mail.com,536-607-2321
107,sarah.smith107@mail.com,830-776-9540
108,alex.miller108@mail.com,340-516-9768
109,alex.rodriguez109@mail.com,191-908-6556
110,jane.davis110@mail.com,199-178-4514
111,william.miller111@mail.com,955-161-2321
112,jessica.williams112@mail.com,812-801-3722
113,linda.williams113@mail.com,132-694-1903
114,jessica.martinez114@mail.com,914-343-4731
115,robert.garcia115@mail.com,638-518-5454
116,michael.williams116@mail.com,760-967-9407
117,robert.miller117@mail.com,568-359-4595
118,michael.davis118@mail.com,533-573-2441
119,john.johnson119@mail.com,897-945-8368
120,sarah.garcia120@mail.com,742-603-1456
121,jessica.brown121@mail.com,729-390-3231
122,linda.rodriguez122@mail.com,292-944-6339
123,jane.davis123@mail.com,476-629-6304
124,linda.rodriguez124@mail.com,590-401-2559
125,jessica.martinez125@mail.com,350-122-5814
126,michael.jones126@mail.com,889-241-4820
127,michael.smith127@mail.com,141-912-7458
128,emily.miller128@mail.com,544-384-6514
129,john.garcia129@mail.com,647-382-1926
130,emily.miller130@mail.com,392-200-8281
131,emily.garcia131@mail.com,442-727-7605
132,sarah.jones132@mail.com,732-740-5237
133,sarah.martinez133@mail.com,924-800-7391
134,robert.rodriguez134@mail.com,565-638-9589
135,emily.miller135@mail.com,362-629-5221
136,linda.rodriguez136@mail.com,125-707-1108
137,jane.jones137@mail.com,832-674-9111
138,john.martinez138@mail.com,778-350-9654
139,john.miller139@mail.com,510-200-7829
140,jane.smith140@mail.com,932-583-7334
141,jessica.smith141@mail.com,566-916-2910
142,alex.johnson142@mail.com,767-578-1818
143,william.brown143@mail.com,103-492-2892
144,jessica.johnson144@mail.com,379-565-2752
145,alex.williams145@mail.com,659-525-9035
146,linda.miller146@mail.com,851-834-6529
147,alex.davis147@mail.com,128-135-5801
148,william.miller148@mail.com,990-347-5933
149,michael.davis149@mail.com,991-808-3312
150,alex.williams150@mail.com,682-950-6019
151,alex.miller151@mail.com,609-227-4381
152,emily.jones152@mail.com,438-234-9178
153,jessica.brown153@mail.com,348-589-1862
154,emily.rodriguez154@mail.com,194-188-1474
155,linda.williams155@mail.com,631-668-7477
156,linda.miller156@mail.com,896-482-9990
157,william.miller157@mail.com,225-381-9656
158,robert.rodriguez158@mail.com,824-383-3901
159,linda.johnson159@mail.com,374-631-3792
160,robert.brown160@mail.com,786-926-3649
161,emily.johnson161@mail.com,456-897-6002
162,michael.jones162@mail.com,864-192-1759
163,michael.miller163@mail.com,273-310-4466
164,jane.martinez164@mail.com,605-300-6210
165,michael.jones165@mail.com,698-707-5864
166,linda.jones166@mail.com,312-496-4290
167,michael.johnson167@mail.com,915-793-4654
168,robert.davis168@mail.com,597-187-5712
169,jessica.garcia169@mail.com,830-834-1529
170,john.garcia170@mail.com,659-743-2709
171,linda.smith171@mail.com,173-565-3154
172,alex.jones172@mail.com,935-339-2370
173,william.davis173@mail.com,602-755-8818
174,william.smith174@mail.com,998-422-8031
175,jessica.brown175@mail.com,492-577-3887
176,john.garcia176@mail.com,407-847-1255
177,emily.martinez177@mail.com,221-586-3419
178,jessica.martinez178@mail.com,394-326-5521
179,jane.miller179@mail.com,803-607-8855
180,robert.brown180@mail.com,182-527-4840
181,sarah.martinez181@mail.com,705-587-9760
182,william.williams182@mail.com,272-407-2450
183,william.johnson183@mail.com,391-354-7098
184,john.johnson184@mail.com,736-700-3895
185,emily.brown185@mail.com,183-379-1101
186,michael.martinez186@mail.com,302-950-6801
187,linda.miller187@mail.com,786-149-3264
188,michael.miller188@mail.com,363-927-6416
189,michael.smith189@mail.com,884-100-8996
190,sarah.smith190@mail.com,970-376-6307
191,jane.brown191@mail.com,916-795-3475
192,jane.jones192@mail.com,278-361-3063
193,robert.johnson193@mail.com,431-436-3546
194,michael.johnson194@mail.com,828-346-1093
195,emily.brown195@mail.com,705-617-9141
196,emily.jones196@mail.com,902-970-1350
197,michael.jones197@mail.com,710-460-6486
198,emily.jones198@mail.com,132-118-5276
199,john.smith199@mail.com,200-651-4403
200,linda.brown200@mail.com,695-246-7378
201,john.miller201@mail.com,174-857-7615
202,jane.williams202@mail.com,646-463-1200
203,john.jones203@mail.com,836-481-6516
204,sarah.miller204@mail.com,556-615-4569
205,jane.smith205@mail.com,851-709-4789
206,alex.smith206@mail.com,951-556-9559
207,alex.williams207@mail.com,128-458-6653
208,linda.martinez208@mail.com,104-838-8955
209,alex.martinez209@mail.com,633-151-8558
210,robert.davis210@mail.com,804-697-8328
211,michael.garcia211@mail.com,435-306-2260
212,michael.jones212@mail.com,909-471-9414
213,emily.williams213@mail.com,877-698-4521
214,emily.rodriguez214@mail.com,392-844-8067
215,emily.garcia215@mail.com,117-253-1315
216,linda.miller216@mail.com,517-850-6178
217,emily.brown217@mail.com,232-158-4310
218,william.garcia218@mail.com,649-820-6110
219,robert.rodriguez219@mail.com,756-295-5297
220,alex.martinez220@mail.com,619-863-5381
221,emily.jones221@mail.com,382-333-2102
222,robert.williams222@mail.com,307-963-8670
223,jane.garcia223@mail.com,139-914-8075
224,robert.johnson224@mail.com,315-556-2385
225,alex.garcia225@mail.com,450-556-9512
226,jessica.martinez226@mail.com,782-380-2957
227,william.rodriguez227@mail.com,131-116-1479
228,robert.rodriguez228@mail.com,983-558-4199
229,alex.smith229@mail.com,244-992-7734
230,jane.garcia230@mail.com,116-450-8242
231,michael.rodriguez231@mail.com,934-675-1393
232,john.brown232@mail.com,653-451-9046
233,jane.rodriguez233@mail.com,217-821-5317
234,robert.johnson234@mail.com,914-629-3188
235,john.smith235@mail.com,938-919-1143
236,jessica.jones236@mail.com,722-896-3156
237,william.davis237@mail.com,678-198-6349
238,robert.williams238@mail.com,514-837-3864
239,jessica.smith239@mail.com,611-201-9579
240,william.davis240@mail.com,226-985-5377
241,alex.brown241@mail.com,205-320-8303
242,emily.johnson242@mail.com,231-353-3631
243,robert.garcia243@mail.com,508-868-5797
244,william.smith244@mail.com,808-466-5098
245,john.garcia245@mail.com,629-947-9562
246,linda.garcia246@mail.com,406-128-6595
247,michael.johnson247@mail.com,616-902-8138
248,john.williams248@mail.com,468-694-7661
249,emily.smith249@mail.com,557-603-4195
250,jane.rodriguez250@mail.com,551-359-4329
251,john.garcia251@mail.com,998-757-8004
252,robert.davis252@mail.com,478-432-3063
253,william.smith253@mail.com,848-745-3965
254,jane.johnson254@mail.com,725-344-4820
255,john.smith255@mail.com,750-435-5803
256,michael.davis256@mail.com,673-532-6681
257,emily.johnson257@mail.com,550-489-8684
258,john.johnson258@mail.com,958-533-2265
259,michael.smith259@mail.com,644-846-5467
260,john.davis260@mail.com,150-989-8051
261,robert.davis261@mail.com,538-907-7967
262,william.johnson262@mail.com,590-993-7417
263,jessica.garcia263@mail.com,244-395-8784
264,william.jones264@mail.com,313-268-3597
265,robert.miller265@mail.com,293-532-8653
266,emily.garcia266@mail.com,193-779-8637
267,robert.williams267@mail.com,367-126-5118
268,michael.brown268@mail.com,620-670-9035
269,john.smith269@mail.com,156-796-1485
270,john.smith270@mail.com,119-395-9661
271,william.rodriguez271@mail.com,454-438-3166
272,john.davis272@mail.com,766-621-3930
273,emily.smith273@mail.com,669-776-8325
274,robert.martinez274@mail.com,416-680-5197
275,jane.williams275@mail.com,738-349-5038
276,alex.smith276@mail.com,419-238-8289
277,jane.brown277@mail.com,869-157-6641
278,michael.johnson278@mail.com,139-847-4548
279,jessica.williams279@mail.com,424-581-5120
280,william.smith280@mail.com,692-809-1959
281,michael.rodriguez281@mail.com,313-870-5640
282,sarah.martinez282@mail.com,110-321-9924
283,alex.miller283@mail.com,824-390-3367
284,william.martinez284@mail.com,202-182-2634
285,alex.davis285@mail.com,954-524-2765
286,jane.smith286@mail.com,532-675-8355
287,michael.williams287@mail.com,731-903-9503
288,sarah.garcia288@mail.com,238-823-4046
289,michael.martinez289@mail.com,909-906-4055
290,john.garcia290@mail.com,293-580-9426
291,sarah.smith291@mail.com,506-136-1005
292,emily.garcia292@mail.com,409-836-9589
293,alex.davis293@mail.com,981-645-6218
294,jessica.jones294@mail.com,261-406-5635
295,linda.rodriguez295@mail.com,217-393-3508
296,emily.brown296@mail.com,707-324-5609
297,linda.brown297@mail.com,759-777-2264
298,robert.miller298@mail.com,699-634-6186
299,john.williams299@mail.com,858-950-5439
300,emily.davis300@mail.com,699-328-6516
301,emily.martinez301@mail.com,534-704-2927
302,alex.garcia302@mail.com,687-205-8680
303,robert.brown303@mail.com,753-177-5787
304,jessica.williams304@mail.com,215-288-6233
305,linda.smith305@mail.com,128-163-8342
306,jessica.smith306@mail.com,230-372-6561
307,jane.garcia307@mail.com,277-235-1312
308,robert.garcia308@mail.com,979-719-3665
309,john.davis309@mail.com,884-968-4403
310,john.davis310@mail.com,917-808-7488
311,jane.brown311@mail.com,614-252-2192
312,william.smith312@mail.com,459-701-5077
313,sarah.davis313@mail.com,581-389-9204
314,linda.garcia314@mail.com,207-887-8298
315,michael.miller315@mail.com,796-479-7792
316,robert.davis316@mail.com,161-975-4249
317,robert.smith317@mail.com,481-833-4228
318,linda.miller318@mail.com,384-956-3180
319,linda.davis319@mail.com,955-476-9445
320,jane.miller320@mail.com,684-715-5369
321,sarah.brown321@mail.com,663-275-4185
322,robert.brown322@mail.com,694-319-2565
323,emily.garcia323@mail.com,987-366-4987
324,sarah.martinez324@mail.com,800-401-9836
325,emily.brown325@mail.com,546-405-2425
326,william.brown326@mail.com,736-171-4134
327,robert.jones327@mail.com,878-128-1347
328,michael.rodriguez328@mail.com,983-717-1061
329,michael.martinez329@mail.com,174-777-8719
330,michael.smith330@mail.com,356-508-9836
331,john.smith331@mail.com,561-562-3216
332,linda.jones332@mail.com,472-445-8431
333,emily.martinez333@mail.com,835-177-9710
334,sarah.smith334@mail.com,453-544-5512
335,alex.davis335@mail.com,451-453-3045
336,william.rodriguez336@mail.com,797-663-9176
337,william.garcia337@mail.com,422-368-3918
338,michael.rodriguez338@mail.com,316-420-7055
339,emily.garcia339@mail.com,861-871-5205
340,robert.martinez340@mail.com,426-160-2387
341,sarah.rodriguez341@mail.com,122-797-8664
342,michael.brown342@mail.com,249-599-9709
343,emily.brown343@mail.com,355-940-6851
344,jessica.brown344@mail.com,915-947-3588
345,alex.martinez345@mail.com,159-949-2068
346,jessica.martinez346@mail.com,161-185-4533
347,emily.brown347@mail.com,245-355-6605
348,michael.davis348@mail.com,564-506-1022
349,michael.brown349@mail.com,841-686-3194
350,robert.garcia350@mail.com,320-887-2296
351,william.davis351@mail.com,827-779-5690
352,linda.davis352@mail.com,600-577-5833
353,emily.martinez353@mail.com,491-294-1964
354,alex.rodriguez354@mail.com,105-958-9313
355,michael.davis355@mail.com,284-772-7691
356,robert.garcia356@mail.com,369-367-8562
357,john.garcia357@mail.com,746-188-2175
358,william.rodriguez358@mail.com,534-920-2169
359,linda.williams359@mail.com,444-194-6538
360,jessica.williams360@mail.com,717-871-7502
361,sarah.davis361@mail.com,911-548-8085
362,emily.williams362@mail.com,999-476-7336
363,michael.jones363@mail.com,307-361-3557
364,robert.martinez364@mail.com,362-390-7258
365,john.williams365@mail.com,596-108-3430
366,jane.brown366@mail.com,237-380-5109
367,jane.miller367@mail.com,155-510-4721
368,jessica.garcia368@mail.com,374-772-1976
369,alex.brown369@mail.com,702-110-9418
370,robert.miller370@mail.com,152-231-5656
371,john.davis371@mail.com,381-307-9141
372,john.brown372@mail.com,105-289-8947
373,michael.martinez373@mail.com,654-802-7901
374,emily.brown374@mail.com,210-155-3717
375,linda.johnson375@mail.com,107-357-5968
376,jessica.garcia376@mail.com,100-696-8546
377,alex.brown377@mail.com,485-316-6545
378,sarah.williams378@mail.com,725-732-1166
379,emily.smith379@mail.com,105-136-4530
380,robert.garcia380@mail.com,943-770-9387
381,alex.johnson381@mail.com,878-320-4666
382,alex.miller382@mail.com,983-976-8885
383,michael.garcia383@mail.com,210-916-8028
384,sarah.jones384@mail.com,553-559-4997
385,john.smith385@mail.com,164-870-3460
386,michael.williams386@mail.com,876-417-4010
387,emily.williams387@mail.com,210-809-4110
388,alex.williams388@mail.com,919-786-6450
389,michael.rodriguez389@mail.com,985-763-4885
390,william.rodriguez390@mail.com,871-970-1754
391,jessica.williams391@mail.com,650-668-4898
392,sarah.rodriguez392@mail.com,454-701-8536
393,william.davis393@mail.com,372-102-4261
394,linda.smith394@mail.com,864-251-3090
395,michael.brown395@mail.com,773-669-9386
396,jessica.rodriguez396@mail.com,823-854-4064
397,alex.miller397@mail.com,236-290-7321
398,jane.martinez398@mail.com,132-856-4421
399,john.garcia399@mail.com,407-306-3342
400,michael.davis400@mail.com,125-568-8660
401,michael.garcia401@mail.com,404-490-9732
402,jane.davis402@mail.com,838-233-4660
403,william.garcia403@mail.com,989-345-4993
404,michael.martinez404@mail.com,897-472-4841
405,linda.jones405@mail.com,914-257-6537
406,linda.johnson406@mail.com,984-449-2904
407,linda.garcia407@mail.com,971-893-3088
408,john.brown408@mail.com,595-692-7875
409,michael.miller409@mail.com,811-210-7880
410,jessica.davis410@mail.com,315-232-2112
411,jane.johnson411@mail.com,575-841-4830
412,emily.johnson412@mail.com,738-985-9008
413,emily.rodriguez413@mail.com,665-549-6673
414,emily.rodriguez414@mail.com,766-909-3526
415,robert.brown415@mail.com,278-260-8120
416,linda.smith416@mail.com,756-992-6455
417,alex.miller417@mail.com,994-194-8936
418,robert.williams418@mail.com,670-712-7353
419,jane.miller419@mail.com,573-657-2365
420,william.williams420@mail.com,743-640-4157
421,michael.rodriguez421@mail.com,946-602-4989
422,michael.garcia422@mail.com,637-176-8209
423,jane.williams423@mail.com,679-234-3531
424,michael.garcia424@mail.com,292-209-1875
425,john.jones425@mail.com,673-351-9076
426,emily.williams426@mail.com,212-475-1939
427,william.smith427@mail.com,665-408-7451
428,michael.brown428@mail.com,578-489-9799
429,sarah.jones429@mail.com,470-295-5342
430,emily.martinez430@mail.com,385-379-1377
431,alex.rodriguez431@mail.com,331-920-6460
432,emily.rodriguez432@mail.com,825-868-4961
433,michael.williams433@mail.com,780-561-1250
434,emily.garcia434@mail.com,927-526-5279
435,william.brown435@mail.com,857-513-1725
436,michael.smith436@mail.com,193-235-1745
437,jessica.davis437@mail.com,788-550-4949
438,sarah.martinez438@mail.com,157-235-8653
439,alex.miller439@mail.com,417-430-5596
440,sarah.jones440@mail.com,460-869-7976
441,michael.johnson441@mail.com,581-655-5499
442,jane.brown442@mail.com,814-771-4823
443,jane.jones443@mail.com,595-490-3348
444,jessica.johnson444@mail.com,676-783-5541
445,sarah.miller445@mail.com,720-248-5198
446,william.williams446@mail.com,349-179-5918
447,alex.johnson447@mail.com,386-747-2057
448,michael.johnson448@mail.com,120-400-6190
449,jessica.brown449@mail.com,198-159-8316
450,john.martinez450@mail.com,442-568-6111
451,jane.miller451@mail.com,598-576-2261
452,sarah.miller452@mail.com,893-649-4654
453,john.williams453@mail.com,107-547-3683
454,emily.garcia454@mail.com,331-755-3602
455,sarah.brown455@mail.com,514-685-2626
456,jessica.johnson456@mail.com,472-754-8453
457,jessica.davis457@mail.com,233-894-7016
458,emily.garcia458@mail.com,449-228-7075
459,alex.garcia459@mail.com,397-477-7628
460,jane.smith460@mail.com,220-657-3912
461,john.smith461@mail.com,784-890-9568
462,emily.jones462@mail.com,925-882-6955
463,alex.brown463@mail.com,616-788-5208
464,jane.martinez464@mail.com,943-744-3004
465,jane.martinez465@mail.com,864-717-7890
466,alex.rodriguez466@mail.com,283-583-6762
467,linda.jones467@mail.com,240-893-9930
468,jane.johnson468@mail.com,905-698-6884
469,sarah.martinez469@mail.com,534-760-2905
470,jessica.jones470@mail.com,623-230-4280
471,emily.davis471@mail.com,855-628-8197
472,alex.davis472@mail.com,528-323-9488
473,william.miller473@mail.com,867-906-2617
474,sarah.brown474@mail.com,622-992-4799
475,jessica.brown475@mail.com,939-366-1525
476,jane.davis476@mail.com,836-362-8458
477,john.williams477@mail.com,169-410-2369
478,jane.williams478@mail.com,928-100-1981
479,robert.williams479@mail.com,612-206-3814
480,jessica.brown480@mail.com,364-364-4819
481,linda.jones481@mail.com,508-632-8071
482,michael.davis482@mail.com,299-939-7382
483,robert.brown483@mail.com,475-736-6000
484,michael.jones484@mail.com,135-656-6644
485,linda.davis485@mail.com,662-434-8917
486,linda.rodriguez486@mail.com,294-184-7485
487,john.brown487@mail.com,126-664-5460
488,linda.brown488@mail.com,300-834-7348
489,sarah.garcia489@mail.com,606-745-9523
490,sarah.jones490@mail.com,463-631-7804
491,michael.miller491@mail.com,726-325-1719
492,robert.martinez492@mail.com,808-418-6617
493,emily.jones493@mail.com,174-131-8336
494,emily.miller494@mail.com,179-660-4800
495,robert.garcia495@mail.com,442-671-4192
496,william.davis496@mail.com,996-280-3044
497,john.jones497@mail.com,438-197-5594
498,john.johnson498@mail.com,931-834-9107
499,michael.williams499@mail.com,446-481-7430
500,jane.brown500@mail.com,151-688-8564
501,john.miller501@mail.com,649-316-6749
502,emily.garcia502@mail.com,746-640-2997
503,john.davis503@mail.com,340-422-5922
504,robert.smith504@mail.com,200-984-9874
505,emily.smith505@mail.com,789-149-2991
506,sarah.smith506@mail.com,327-429-7296
507,emily.garcia507@mail.com,423-131-3769
508,jessica.jones508@mail.com,448-466-2566
509,linda.martinez509@mail.com,614-958-7462
510,alex.jones510@mail.com,947-976-2421
511,linda.rodriguez511@mail.com,464-751-1405
512,alex.miller512@mail.com,814-785-8414
513,sarah.davis513@mail.com,783-440-2633
514,robert.davis514@mail.com,661-889-8474
515,sarah.brown515@mail.com,566-445-9066
516,jessica.jones516@mail.com,303-722-4922
517,sarah.brown517@mail.com,527-618-9749
518,michael.jones518@mail.com,498-152-7449
519,john.rodriguez519@mail.com,605-211-6403
520,john.miller520@mail.com,533-261-6143
521,john.smith521@mail.com,899-743-5450
522,william.brown522@mail.com,486-390-3894
523,linda.miller523@mail.com,768-242-3041
524,linda.garcia524@mail.com,678-787-9089
525,alex.martinez525@mail.com,112-375-9196
526,robert.johnson526@mail.com,877-916-9877
527,jessica.rodriguez527@mail.com,402-849-1863
528,jessica.garcia528@mail.com,498-389-6066
529,alex.smith529@mail.com,412-309-6386
530,emily.rodriguez530@mail.com,583-465-3577
531,alex.rodriguez531@mail.com,597-789-1873
532,alex.garcia532@mail.com,377-289-1025
533,jessica.williams533@mail.com,475-998-2394
534,john.rodriguez534@mail.com,646-910-2198
535,john.rodriguez535@mail.com,127-795-7400
536,alex.martinez536@mail.com,928-482-5179
537,john.williams537@mail.com,339-664-3729
538,jane.brown538@mail.com,680-666-3122
539,jessica.martinez539@mail.com,763-137-3024
540,linda.miller540@mail.com,491-730-9650
541,robert.davis541@mail.com,760-731-8650
542,jessica.davis542@mail.com,980-612-9244
543,linda.miller543@mail.com,409-316-5967
544,sarah.martinez544@mail.com,934-909-6558
545,alex.smith545@mail.com,873-904-9857
546,linda.johnson546@mail.com,797-139-8003
547,alex.garcia547@mail.com,553-462-9150
548,alex.johnson548@mail.com,619-152-9626
549,jane.garcia549@mail.com,683-353-5381
550,linda.brown550@mail.com,631-874-3546
551,john.smith551@mail.com,270-705-7974
552,alex.davis552@mail.com,436-755-6889
553,john.brown553@mail.com,504-230-1894
554,michael.garcia554@mail.com,274-376-4331
555,william.miller555@mail.com,343-307-2749
556,robert.miller556@mail.com,454-274-1707
557,sarah.brown557@mail.com,825-340-9254
558,michael.jones558@mail.com,887-647-6620
559,william.jones559@mail.com,853-914-1859
560,alex.jones560@mail.com,990-374-7501
561,michael.jones561@mail.com,132-288-3029
562,robert.johnson562@mail.com,984-246-7037
563,michael.martinez563@mail.com,746-556-1412
564,john.jones564@mail.com,856-882-1313
565,john.garcia565@mail.com,975-847-8483
566,john.martinez566@mail.com,963-572-5552
567,jessica.williams567@mail.com,501-384-6854
568,alex.martinez568@mail.com,968-694-9022
569,william.smith569@mail.com,417-106-8360
570,michael.rodriguez570@mail.com,921-227-7648
571,robert.garcia571@mail.com,891-843-9255
572,john.davis572@mail.com,881-394-2256
573,jessica.brown573@mail.com,320-765-2162
574,jessica.davis574@mail.com,945-465-1466
575,john.williams575@mail.com,748-206-5459
576,sarah.jones576@mail.com,710-589-3199
577,sarah.johnson577@mail.com,628-538-9424
578,john.rodriguez578@mail.com,720-620-3981
579,john.johnson579@mail.com,679-270-9113
580,jane.davis580@mail.com,631-670-4354
581,jessica.davis581@mail.com,300-116-5137
582,michael.williams582@mail.com,980-392-8250
583,sarah.miller583@mail.com,141-688-1722
584,alex.davis584@mail.com,759-917-6087
585,jessica.martinez585@mail.com,648-706-5924
586,sarah.brown586@mail.com,332-669-4547
587,jessica.garcia587@mail.com,156-625-4693
588,john.miller588@mail.com,665-238-3622
589,william.johnson589@mail.com,278-272-1408
590,michael.rodriguez590@mail.com,616-598-8609
591,robert.garcia591@mail.com,460-368-6759
592,linda.smith592@mail.com,786-861-4738
593,emily.davis593@mail.com,506-993-4423
594,michael.miller594@mail.com,825-402-4877
595,robert.brown595@mail.com,991-111-3053
596,linda.garcia596@mail.com,889-751-4756
597,emily.smith597@mail.com,352-808-5011
598,michael.rodriguez598@mail.com,226-247-5853
599,emily.garcia599@mail.com,527-822-3055
600,alex.johnson600@mail.com,296-910-7471
601,michael.smith601@mail.com,780-391-7930
602,alex.brown602@mail.com,350-809-7370
603,robert.martinez603@mail.com,159-103-1030
604,sarah.brown604@mail.com,345-631-7506
605,robert.garcia605@mail.com,306-946-5470
606,linda.garcia606@mail.com,958-409-3351
607,emily.jones607@mail.com,999-223-6981
608,jane.smith608@mail.com,933-500-4980
609,alex.brown609@mail.com,759-378-5453
610,alex.brown610@mail.com,256-217-5079
611,william.williams611@mail.com,529-370-5927
612,jessica.jones612@mail.com,741-187-2677
613,robert.martinez613@mail.com,627-748-1444
614,william.davis614@mail.com,688-863-8212
615,william.garcia615@mail.com,606-218-2084
616,jane.davis616@mail.com,876-549-8507
617,sarah.martinez617@mail.com,614-631-5454
618,jessica.martinez618@mail.com,391-322-5240
619,emily.brown619@mail.com,403-621-5736
620,robert.davis620@mail.com,969-143-6071
621,robert.brown621@mail.com,791-224-3589
622,jane.smith622@mail.com,792-469-5353
623,michael.jones623@mail.com,887-464-9632
624,william.smith624@mail.com,742-526-5772
625,william.williams625@mail.com,190-182-2233
626,sarah.jones626@mail.com,484-306-7005
627,william.jones627@mail.com,205-521-6321
628,emily.johnson628@mail.com,721-626-8778
629,sarah.miller629@mail.com,575-328-3509
630,emily.jones630@mail.com,147-144-6275
631,alex.smith631@mail.com,319-865-1615
632,robert.miller632@mail.com,812-108-2576
633,john.smith633@mail.com,130-295-5122
634,jessica.brown634@mail.com,136-261-4737
635,linda.rodriguez635@mail.com,502-850-6625
636,sarah.smith636@mail.com,330-547-1555
637,michael.williams637@mail.com,454-838-3515
638,jane.johnson638@mail.com,669-647-4250
639,sarah.martinez639@mail.com,945-298-9382
640,emily.miller640@mail.com,183-898-6447
641,sarah.martinez641@mail.com,860-870-1922
642,sarah.garcia642@mail.com,904-231-7939
643,emily.davis643@mail.com,691-950-1621
644,jane.jones644@mail.com,720-173-2087
645,jessica.rodriguez645@mail.com,306-725-4319
646,robert.rodriguez646@mail.com,207-729-1505
647,michael.johnson647@mail.com,539-705-8791
648,alex.miller648@mail.com,464-186-5552
649,linda.smith649@mail.com,778-578-1011
650,jane.davis650@mail.com,771-417-5998
651,michael.jones651@mail.com,959-329-3044
652,william.miller652@mail.com,215-586-6919
653,jessica.smith653@mail.com,438-694-1992
654,emily.williams654@mail.com,174-251-3890
655,john.brown655@mail.com,902-166-1604
656,alex.smith656@mail.com,507-794-2395
657,john.rodriguez657@mail.com,384-105-4540
658,jane.johnson658@mail.com,236-400-2860
659,michael.smith659@mail.com,361-818-3128
660,robert.rodriguez660@mail.com,189-128-8065
661,linda.jones661@mail.com,178-238-3355
662,alex.johnson662@mail.com,142-219-5042
663,jessica.brown663@mail.com,735-442-8848
664,jane.smith664@mail.com,445-646-7189
665,jane.garcia665@mail.com,276-237-7044
666,emily.williams666@mail.com,868-186-8492
667,sarah.smith667@mail.com,522-740-9720
668,robert.martinez668@mail.com,379-479-5719
669,michael.smith669@mail.com,667-584-5932
670,jessica.brown670@mail.com,273-259-4631
671,michael.williams671@mail.com,400-367-5928
672,jessica.martinez672@mail.com,481-305-6362
673,jessica.smith673@mail.com,325-152-2557
674,emily.davis674@mail.com,394-516-5378
675,alex.williams675@mail.com,290-242-4154
676,william.jones676@mail.com,409-318-1427
677,jane.williams677@mail.com,994-348-4796
678,alex.jones678@mail.com,146-779-8890
679,alex.martinez679@mail.com,559-490-4692
680,emily.johnson680@mail.com,850-832-3650
681,jessica.johnson681@mail.com,758-688-2257
682,jane.williams682@mail.com,937-301-8605
683,jessica.rodriguez683@mail.com,859-437-1866
684,william.miller684@mail.com,448-222-3544
685,michael.jones685@mail.com,667-481-2518
686,alex.brown686@mail.com,836-302-8680
687,jessica.garcia687@mail.com,303-220-2359
688,john.jones688@mail.com,765-935-7647
689,linda.rodriguez689@mail.com,780-306-1452
690,michael.johnson690@mail.com,934-107-6735
691,michael.johnson691@mail.com,717-180-8308
692,william.williams692@mail.com,933-172-5909
693,alex.johnson693@mail.com,507-308-3346
694,linda.jones694@mail.com,698-162-2583
695,jane.miller695@mail.com,413-697-8825
696,robert.johnson696@mail.com,258-705-2585
697,robert.garcia697@mail.com,358-360-4935
698,jessica.johnson698@mail.com,607-126-9470
699,emily.williams699@mail.com,799-816-5678
700,michael.garcia700@mail.com,470-350-7154
701,robert.williams701@mail.com,202-205-4245
702,linda.williams702@mail.com,426-828-3096
703,linda.rodriguez703@mail.com,183-652-1686
704,william.martinez704@mail.com,244-553-2687
705,alex.miller705@mail.com,965-984-4299
706,emily.miller706@mail.com,282-677-5271
707,alex.davis707@mail.com,466-755-2678
708,jessica.williams708@mail.com,605-728-5466
709,robert.williams709@mail.com,791-713-8369
710,michael.smith710@mail.com,419-575-1647
711,alex.garcia711@mail.com,696-566-2206
712,jane.williams712@mail.com,340-371-1835
713,robert.johnson713@mail.com,433-219-7426
714,alex.johnson714@mail.com,350-418-5695
715,linda.smith715@mail.com,632-231-7665
716,michael.davis716@mail.com,902-121-3281
717,john.martinez717@mail.com,518-483-8564
718,william.miller718@mail.com,586-659-1238
719,jessica.smith719@mail.com,357-690-4365
720,jessica.miller720@mail.com,617-762-1430
721,michael.martinez721@mail.com,914-764-2301
722,robert.williams722@mail.com,258-218-4778
723,alex.brown723@mail.com,208-412-8835
724,jane.garcia724@mail.com,629-885-9464
725,michael.brown725@mail.com,959-151-9017
726,linda.davis726@mail.com,624-416-4799
727,alex.johnson727@mail.com,871-246-5967
728,john.garcia728@mail.com,105-445-5798
729,jessica.johnson729@mail.com,556-794-8253
730,jane.johnson730@mail.com,499-170-3157
731,jessica.miller731@mail.com,476-633-7624
732,alex.johnson732@mail.com,557-585-2631
733,jessica.garcia733@mail.com,995-491-3430
734,jane.davis734@mail.com,949-580-7970
735,john.martinez735@mail.com,156-677-6796
736,sarah.rodriguez736@mail.com,999-314-5728
737,michael.miller737@mail.com,551-351-9303
738,michael.brown738@mail.com,432-401-6182
739,william.smith739@mail.com,225-866-2260
740,john.martinez740@mail.com,469-198-3840
741,linda.brown741@mail.com,964-311-1105
742,william.garcia742@mail.com,890-632-8689
743,michael.brown743@mail.com,889-288-9895
744,john.williams744@mail.com,743-627-1313
745,robert.garcia745@mail.com,519-935-8637
746,sarah.jones746@mail.com,382-496-6752
747,robert.brown747@mail.com,964-318-3353
748,jessica.garcia748@mail.com,885-502-5826
749,alex.miller749@mail.com,119-284-6716
750,jane.martinez750@mail.com,184-403-6611
751,michael.brown751@mail.com,865-545-6981
752,sarah.miller752@mail.com,733-445-8255
753,jane.brown753@mail.com,815-513-7908
754,jane.martinez754@mail.com,307-489-7148
755,linda.davis755@mail.com,997-616-5782
756,emily.williams756@mail.com,481-127-2133
757,michael.davis757@mail.com,475-683-8152
758,sarah.williams758@mail.com,989-832-9276
759,william.davis759@mail.com,581-353-9126
760,john.johnson760@mail.com,484-872-9146
761,john.rodriguez761@mail.com,497-262-3155
762,jessica.smith762@mail.com,580-238-2039
763,sarah.smith763@mail.com,152-149-5031
764,linda.garcia764@mail.com,551-612-8813
765,michael.davis765@mail.com,576-267-9017
766,robert.rodriguez766@mail.com,920-182-4602
767,john.johnson767@mail.com,214-952-4507
768,sarah.martinez768@mail.com,833-385-4389
769,sarah.miller769@mail.com,780-569-4800
770,william.smith770@mail.com,930-643-6407
771,jane.smith771@mail.com,334-725-8215
772,robert.johnson772@mail.com,514-245-5186
773,sarah.rodriguez773@mail.com,439-795-3263
774,sarah.martinez774@mail.com,501-148-1615
775,michael.smith775@mail.com,860-845-7233
776,alex.johnson776@mail.com,246-279-6088
777,jane.davis777@mail.com,455-730-5310
778,alex.williams778@mail.com,876-744-3646
779,emily.williams779@mail.com,627-638-3452
780,john.rodriguez780@mail.com,608-197-6009
781,jessica.jones781@mail.com,226-660-2995
782,john.jones782@mail.com,892-122-1417
783,jane.brown783@mail.com,312-392-8621
784,alex.miller784@mail.com,370-451-7153
785,emily.rodriguez785@mail.com,919-447-5682
786,alex.davis786@mail.com,752-764-2685
787,emily.jones787@mail.com,508-914-2027
788,john.garcia788@mail.com,187-358-3482
789,robert.jones789@mail.com,578-826-6783
790,sarah.johnson790@mail.com,197-866-9791
791,john.davis791@mail.com,706-220-7978
792,william.davis792@mail.com,891-550-9424
793,michael.garcia793@mail.com,908-207-6950
794,sarah.brown794@mail.com,235-601-8172
795,emily.brown795@mail.com,565-415-5707
796,linda.jones796@mail.com,972-369-7149
797,john.rodriguez797@mail.com,276-853-9694
798,sarah.garcia798@mail.com,958-733-7182
799,jane.brown799@mail.com,832-309-8101
800,linda.martinez800@mail.com,202-445-7319
801,sarah.williams801@mail.com,731-170-3347
802,jane.johnson802@mail.com,392-368-8846
803,jane.garcia803@mail.com,849-198-2269
804,michael.rodriguez804@mail.com,345-921-7917
805,alex.miller805@mail.com,131-423-5641
806,jessica.davis806@mail.com,161-762-2960
807,sarah.rodriguez807@mail.com,805-149-5121
808,jessica.garcia808@mail.com,237-627-8511
809,sarah.martinez809@mail.com,567-486-2412
810,john.martinez810@mail.com,782-732-6992
811,sarah.smith811@mail.com,712-511-7318
812,william.garcia812@mail.com,643-143-1196
813,michael.brown813@mail.com,467-985-3353
814,jane.garcia814@mail.com,491-188-2445
815,jane.johnson815@mail.com,327-685-7465
816,jane.garcia816@mail.com,991-296-5199
817,linda.johnson817@mail.com,656-122-3988
818,emily.martinez818@mail.com,678-323-5826
819,robert.miller819@mail.com,537-536-4580
820,william.martinez820@mail.com,291-997-1362
821,alex.miller821@mail.com,645-814-4211
822,william.garcia822@mail.com,443-238-8410
823,john.brown823@mail.com,980-498-8928
824,sarah.smith824@mail.com,659-769-6194
825,john.smith825@mail.com,410-233-7858
826,michael.garcia826@mail.com,198-655-8099
827,jane.johnson827@mail.com,905-523-2396
828,robert.rodriguez828@mail.com,326-960-4618
829,jane.brown829@mail.com,765-103-2527
830,jessica.davis830@mail.com,215-727-9051
831,william.garcia831@mail.com,245-691-6251
832,william.johnson832@mail.com,302-170-7700
833,john.brown833@mail.com,297-437-4935
834,michael.garcia834@mail.com,299-207-7024
835,jessica.williams835@mail.com,563-399-3473
836,william.miller836@mail.com,139-307-3081
837,alex.jones837@mail.com,463-131-4123
838,alex.brown838@mail.com,433-831-4375
839,jessica.davis839@mail.com,867-246-9266
840,michael.jones840@mail.com,812-150-4852
841,robert.rodriguez841@mail.com,985-809-9938
842,john.rodriguez842@mail.com,191-505-6579
843,robert.miller843@mail.com,382-308-4459
844,jessica.garcia844@mail.com,606-378-3895
845,william.garcia845@mail.com,417-282-7174
846,emily.miller846@mail.com,572-266-3839
847,michael.brown847@mail.com,346-930-4245
848,jane.davis848@mail.com,267-988-8218
849,william.johnson849@mail.com,318-289-9907
850,sarah.williams850@mail.com,339-220-3419
851,emily.martinez851@mail.com,467-270-5714
852,jane.brown852@mail.com,561-866-7851
853,michael.rodriguez853@mail.com,635-490-7373
854,jane.smith854@mail.com,368-330-5846
855,robert.jones855@mail.com,229-698-2945
856,john.smith856@mail.com,528-337-6530
857,michael.jones857@mail.com,995-441-4853
858,michael.martinez858@mail.com,972-821-7603
859,michael.garcia859@mail.com,246-850-3806
860,jessica.johnson860@mail.com,107-450-6842
861,alex.jones861@mail.com,207-628-5980
862,william.williams862@mail.com,281-889-7257
863,william.jones863@mail.com,795-626-6339
864,alex.williams864@mail.com,828-511-2139
865,john.davis865@mail.com,160-252-8109
866,emily.davis866@mail.com,502-339-7352
867,jessica.martinez867@mail.com,907-440-5992
868,william.smith868@mail.com,219-711-6208
869,linda.williams869@mail.com,799-686-1701
870,linda.williams870@mail.com,983-735-9437
871,jessica.williams871@mail.com,249-655-7568
872,alex.brown872@mail.com,892-349-5043
873,sarah.garcia873@mail.com,563-663-2458
874,john.brown874@mail.com,228-741-1905
875,jane.brown875@mail.com,549-327-8102
876,linda.garcia876@mail.com,948-982-2502
877,linda.smith877@mail.com,327-830-1847
878,robert.rodriguez878@mail.com,754-258-8632
879,michael.jones879@mail.com,117-235-3429
880,emily.williams880@mail.com,110-613-3745
881,emily.davis881@mail.com,197-821-5877
882,jane.smith882@mail.com,973-990-7915
883,jane.martinez883@mail.com,863-339-4318
884,jane.smith884@mail.com,827-380-9996
885,michael.jones885@mail.com,376-724-8964
886,robert.rodriguez886@mail.com,387-995-9664
887,robert.garcia887@mail.com,337-595-8562
888,emily.jones888@mail.com,851-175-1882
889,jane.garcia889@mail.com,468-789-9245
890,emily.miller890@mail.com,428-574-6884
891,john.jones891@mail.com,643-108-9947
892,sarah.brown892@mail.com,433-717-2705
893,emily.garcia893@mail.com,661-803-5551
894,michael.martinez894@mail.com,683-202-9124
895,sarah.davis895@mail.com,108-755-1828
896,jessica.miller896@mail.com,332-679-7395
897,alex.rodriguez897@mail.com,791-921-2051
898,linda.garcia898@mail.com,685-848-3179
899,alex.jones899@mail.com,566-125-3375
900,linda.miller900@mail.com,751-571-4350
901,john.smith901@mail.com,602-899-5653
902,jane.brown902@mail.com,383-638-7947
903,john.rodriguez903@mail.com,191-543-9932
904,robert.smith904@mail.com,339-828-4955
905,linda.rodriguez905@mail.com,574-899-9190
906,linda.rodriguez906@mail.com,399-101-2341
907,emily.rodriguez907@mail.com,109-346-4678
908,emily.davis908@mail.com,306-219-2136
909,robert.rodriguez909@mail.com,991-233-5101
910,linda.johnson910@mail.com,952-679-6320
911,linda.miller911@mail.com,632-656-1544
912,robert.jones912@mail.com,742-810-6699
913,michael.jones913@mail.com,701-879-6307
914,michael.martinez914@mail.com,799-729-3173
915,linda.jones915@mail.com,642-620-8320
916,sarah.williams916@mail.com,606-195-4777
917,linda.rodriguez917@mail.com,100-241-3214
918,alex.rodriguez918@mail.com,997-767-4159
919,jessica.johnson919@mail.com,822-840-4471
920,jessica.johnson920@mail.com,659-802-7204
921,jessica.martinez921@mail.com,552-708-3222
922,michael.rodriguez922@mail.com,379-489-2930
923,emily.brown923@mail.com,238-472-7064
924,michael.davis924@mail.com,729-207-2488
925,michael.brown925@mail.com,871-447-9201
926,robert.martinez926@mail.com,538-265-4243
927,emily.brown927@mail.com,426-186-7882
928,john.williams928@mail.com,492-514-2378
929,emily.smith929@mail.com,583-447-4796
930,robert.jones930@mail.com,628-808-9777
931,michael.brown931@mail.com,653-719-7584
932,emily.martinez932@mail.com,994-716-9499
933,alex.williams933@mail.com,517-341-5036
934,john.davis934@mail.com,187-955-1114
935,alex.smith935@mail.com,281-736-9140
936,alex.johnson936@mail.com,630-750-6404
937,michael.johnson937@mail.com,717-694-7676
938,emily.johnson938@mail.com,791-966-9423
939,alex.davis939@mail.com,120-691-6043
940,sarah.jones940@mail.com,595-404-4098
941,jessica.brown941@mail.com,823-474-8633
942,robert.brown942@mail.com,473-420-3396
943,alex.johnson943@mail.com,718-411-6475
944,john.martinez944@mail.com,197-667-3843
945,robert.brown945@mail.com,131-444-5968
946,sarah.williams946@mail.com,366-718-7638
947,sarah.smith947@mail.com,485-827-1682
948,john.johnson948@mail.com,542-546-1518
949,robert.garcia949@mail.com,121-596-2651
950,robert.johnson950@mail.com,383-586-1705
951,michael.miller951@mail.com,119-844-9213
952,robert.rodriguez952@mail.com,988-582-6966
953,emily.johnson953@mail.com,551-422-6946
954,linda.johnson954@mail.com,396-146-2224
955,michael.smith955@mail.com,274-298-1628
956,alex.martinez956@mail.com,969-955-8304
957,sarah.jones957@mail.com,853-272-1889
958,linda.miller958@mail.com,783-631-5952
959,jessica.williams959@mail.com,128-554-7808
960,william.miller960@mail.com,937-639-7448
961,linda.miller961@mail.com,367-553-4494
962,alex.smith962@mail.com,934-418-4754
963,john.johnson963@mail.com,869-228-3725
964,william.johnson964@mail.com,768-717-6398
965,sarah.rodriguez965@mail.com,876-159-9412
966,jessica.davis966@mail.com,388-501-3282
967,emily.martinez967@mail.com,113-648-6015
968,alex.miller968@mail.com,983-917-4198
969,alex.johnson969@mail.com,932-371-8300
970,linda.jones970@mail.com,227-805-7610
971,john.johnson971@mail.com,735-410-5523
972,linda.martinez972@mail.com,587-385-1482
973,linda.brown973@mail.com,587-470-1783
974,sarah.davis974@mail.com,605-671-3521
975,robert.martinez975@mail.com,840-585-9150
976,emily.williams976@mail.com,169-469-7734
977,jane.smith977@mail.com,985-222-1848
978,jessica.brown978@mail.com,769-182-3092
979,michael.garcia979@mail.com,784-288-3781
980,jane.smith980@mail.com,260-902-7581
981,sarah.miller981@mail.com,711-916-5609
982,linda.rodriguez982@mail.com,167-420-2123
983,linda.williams983@mail.com,396-180-8065
984,jessica.brown984@mail.com,988-517-7239
985,emily.miller985@mail.com,494-360-8493
986,michael.williams986@mail.com,983-392-4732
987,michael.rodriguez987@mail.com,234-282-7962
988,jane.rodriguez988@mail.com,379-978-7043
989,john.davis989@mail.com,873-330-6857
990,michael.williams990@mail.com,585-658-9126
991,robert.martinez991@mail.com,235-587-2623
992,john.williams992@mail.com,344-117-8325
993,linda.williams993@mail.com,703-289-9759
994,william.smith994@mail.com,695-367-7436
995,john.brown995@mail.com,162-911-8923
996,john.smith996@mail.com,244-837-5857
997,alex.davis997@mail.com,722-743-2177
998,robert.garcia998@mail.com,186-553-4876
999,robert.johnson999@mail.com,784-272-6378
1000,william.martinez1000@mail.com,489-907-3952
